{"meta": {"format": 3, "version": "7.10.1", "timestamp": "2025-07-30T20:37:11.603909", "branch_coverage": true, "show_contexts": false}, "files": {"src/session_notes/__init__.py": {"executed_lines": [1, 3], "summary": {"covered_lines": 1, "num_statements": 1, "percent_covered": 100.0, "percent_covered_display": "100.00", "missing_lines": 0, "excluded_lines": 0, "num_branches": 0, "num_partial_branches": 0, "covered_branches": 0, "missing_branches": 0}, "missing_lines": [], "excluded_lines": [], "executed_branches": [], "missing_branches": [], "functions": {"": {"executed_lines": [1, 3], "summary": {"covered_lines": 1, "num_statements": 1, "percent_covered": 100.0, "percent_covered_display": "100.00", "missing_lines": 0, "excluded_lines": 0, "num_branches": 0, "num_partial_branches": 0, "covered_branches": 0, "missing_branches": 0}, "missing_lines": [], "excluded_lines": [], "executed_branches": [], "missing_branches": []}}, "classes": {"": {"executed_lines": [1, 3], "summary": {"covered_lines": 1, "num_statements": 1, "percent_covered": 100.0, "percent_covered_display": "100.00", "missing_lines": 0, "excluded_lines": 0, "num_branches": 0, "num_partial_branches": 0, "covered_branches": 0, "missing_branches": 0}, "missing_lines": [], "excluded_lines": [], "executed_branches": [], "missing_branches": []}}}, "src/session_notes/server.py": {"executed_lines": [2, 12, 13, 14, 15, 16, 17, 19, 20, 23, 24, 27, 35, 36, 38, 39, 40, 41, 44, 47, 48, 50, 51, 52, 53, 54, 57, 58, 63, 64, 66, 67, 68, 71, 72, 80, 82, 85, 87, 90, 92, 95, 97, 98, 99, 102, 104, 105, 106, 107, 108, 109, 110, 111, 119, 120, 133, 134, 136, 137, 140, 149, 150, 152, 153, 156, 157, 167, 168, 170, 171, 174, 177, 178, 179, 180, 181, 183, 184, 187, 189, 190, 198, 199, 223, 224, 227, 238, 239, 242, 245, 247, 248, 251, 252, 274, 275, 278, 287, 288, 291, 294, 296, 297, 307, 308, 318, 320, 321, 324, 325, 328, 329, 331, 332, 333, 334, 335, 338, 339, 342, 343, 345, 347, 348, 351, 352, 359, 360, 362, 363, 365, 366, 367, 368, 370, 372, 381, 384, 385, 393, 405], "summary": {"covered_lines": 137, "num_statements": 141, "percent_covered": 94.54545454545455, "percent_covered_display": "94.55", "missing_lines": 4, "excluded_lines": 2, "num_branches": 24, "num_partial_branches": 5, "covered_branches": 19, "missing_branches": 5}, "missing_lines": [395, 396, 399, 402], "excluded_lines": [405, 406], "executed_branches": [[104, 105], [104, 106], [133, 134], [133, 136], [170, 171], [170, 174], [177, 178], [320, 321], [320, 324], [331, 332], [332, 333], [332, 347], [333, 334], [362, 363], [362, 365], [365, 366], [365, 384], [366, 367], [370, 372]], "missing_branches": [[177, 183], [331, 347], [333, 332], [366, 365], [370, 365]], "functions": {"get_session_directory": {"executed_lines": [82], "summary": {"covered_lines": 1, "num_statements": 1, "percent_covered": 100.0, "percent_covered_display": "100.00", "missing_lines": 0, "excluded_lines": 0, "num_branches": 0, "num_partial_branches": 0, "covered_branches": 0, "missing_branches": 0}, "missing_lines": [], "excluded_lines": [], "executed_branches": [], "missing_branches": []}, "get_agent_directory": {"executed_lines": [87], "summary": {"covered_lines": 1, "num_statements": 1, "percent_covered": 100.0, "percent_covered_display": "100.00", "missing_lines": 0, "excluded_lines": 0, "num_branches": 0, "num_partial_branches": 0, "covered_branches": 0, "missing_branches": 0}, "missing_lines": [], "excluded_lines": [], "executed_branches": [], "missing_branches": []}, "ensure_directory": {"executed_lines": [92], "summary": {"covered_lines": 1, "num_statements": 1, "percent_covered": 100.0, "percent_covered_display": "100.00", "missing_lines": 0, "excluded_lines": 0, "num_branches": 0, "num_partial_branches": 0, "covered_branches": 0, "missing_branches": 0}, "missing_lines": [], "excluded_lines": [], "executed_branches": [], "missing_branches": []}, "save_json_data": {"executed_lines": [97, 98, 99], "summary": {"covered_lines": 3, "num_statements": 3, "percent_covered": 100.0, "percent_covered_display": "100.00", "missing_lines": 0, "excluded_lines": 0, "num_branches": 0, "num_partial_branches": 0, "covered_branches": 0, "missing_branches": 0}, "missing_lines": [], "excluded_lines": [], "executed_branches": [], "missing_branches": []}, "load_json_data": {"executed_lines": [104, 105, 106, 107, 108, 109, 110, 111], "summary": {"covered_lines": 8, "num_statements": 8, "percent_covered": 100.0, "percent_covered_display": "100.00", "missing_lines": 0, "excluded_lines": 0, "num_branches": 2, "num_partial_branches": 0, "covered_branches": 2, "missing_branches": 0}, "missing_lines": [], "excluded_lines": [], "executed_branches": [[104, 105], [104, 106]], "missing_branches": []}, "start_session": {"executed_lines": [133, 134, 136, 137, 140, 149, 150, 152, 153], "summary": {"covered_lines": 9, "num_statements": 9, "percent_covered": 100.0, "percent_covered_display": "100.00", "missing_lines": 0, "excluded_lines": 0, "num_branches": 2, "num_partial_branches": 0, "covered_branches": 2, "missing_branches": 0}, "missing_lines": [], "excluded_lines": [], "executed_branches": [[133, 134], [133, 136]], "missing_branches": []}, "end_session": {"executed_lines": [167, 168, 170, 171, 174, 177, 178, 179, 180, 181, 183, 184, 187, 189, 190], "summary": {"covered_lines": 15, "num_statements": 15, "percent_covered": 94.73684210526316, "percent_covered_display": "94.74", "missing_lines": 0, "excluded_lines": 0, "num_branches": 4, "num_partial_branches": 1, "covered_branches": 3, "missing_branches": 1}, "missing_lines": [], "excluded_lines": [], "executed_branches": [[170, 171], [170, 174], [177, 178]], "missing_branches": [[177, 183]]}, "log_agent_execution": {"executed_lines": [223, 224, 227, 238, 239, 242, 245, 247, 248], "summary": {"covered_lines": 9, "num_statements": 9, "percent_covered": 100.0, "percent_covered_display": "100.00", "missing_lines": 0, "excluded_lines": 0, "num_branches": 0, "num_partial_branches": 0, "covered_branches": 0, "missing_branches": 0}, "missing_lines": [], "excluded_lines": [], "executed_branches": [], "missing_branches": []}, "log_tool_request": {"executed_lines": [274, 275, 278, 287, 288, 291, 294, 296, 297], "summary": {"covered_lines": 9, "num_statements": 9, "percent_covered": 100.0, "percent_covered_display": "100.00", "missing_lines": 0, "excluded_lines": 0, "num_branches": 0, "num_partial_branches": 0, "covered_branches": 0, "missing_branches": 0}, "missing_lines": [], "excluded_lines": [], "executed_branches": [], "missing_branches": []}, "get_session": {"executed_lines": [318, 320, 321, 324, 325, 328, 329, 331, 332, 333, 334, 335, 338, 339, 342, 343, 345, 347, 348], "summary": {"covered_lines": 19, "num_statements": 19, "percent_covered": 92.5925925925926, "percent_covered_display": "92.59", "missing_lines": 0, "excluded_lines": 0, "num_branches": 8, "num_partial_branches": 2, "covered_branches": 6, "missing_branches": 2}, "missing_lines": [], "excluded_lines": [], "executed_branches": [[320, 321], [320, 324], [331, 332], [332, 333], [332, 347], [333, 334]], "missing_branches": [[331, 347], [333, 332]]}, "list_sessions": {"executed_lines": [359, 360, 362, 363, 365, 366, 367, 368, 370, 372, 381, 384, 385], "summary": {"covered_lines": 13, "num_statements": 13, "percent_covered": 90.47619047619048, "percent_covered_display": "90.48", "missing_lines": 0, "excluded_lines": 0, "num_branches": 8, "num_partial_branches": 2, "covered_branches": 6, "missing_branches": 2}, "missing_lines": [], "excluded_lines": [], "executed_branches": [[362, 363], [362, 365], [365, 366], [365, 384], [366, 367], [370, 372]], "missing_branches": [[366, 365], [370, 365]]}, "main": {"executed_lines": [], "summary": {"covered_lines": 0, "num_statements": 4, "percent_covered": 0.0, "percent_covered_display": "0.00", "missing_lines": 4, "excluded_lines": 0, "num_branches": 0, "num_partial_branches": 0, "covered_branches": 0, "missing_branches": 0}, "missing_lines": [395, 396, 399, 402],